id,title,description,thumbnail,gallery_url,sort
75,落花生,实现小学五年级落花生课文阅读探究及生字词自主学习,/storage/studio/thumbnail/thumbnail/1747706091-thumbnail.png,/gallery/OtQZnOgWTaieopQg,0
76,植树问题,同学们在全长100m的小路植树，每隔5m栽一棵，比较两种情况,/storage/studio/thumbnail/thumbnail/zswt.jpg,/gallery/植树问题,4
77,掷一掷,探索骰子中的概率世界,/storage/studio/thumbnail/thumbnail/zyz.jpg,/gallery/zyz,4
78,跑道长度差异可视化,标准400米跑道各跑道长度比较与起跑线确定,/storage/studio/thumbnail/thumbnail/1747732907-thumbnail.png,/gallery/lSHrNuN3IkC0zH3P,0
79,英语动物单词闪卡,英语单词学习好工具，闪卡,/storage/studio/thumbnail/thumbnail/1747752921-thumbnail.png,/gallery/YGPDKfYxoeaFrLtY,0
81,解释电流的形成,模拟电子在导体中的定向移动，形象地解释电流是如何形成的,/storage/studio/thumbnail/thumbnail/1747819665-thumbnail.png,/gallery/JmIol5f9GIy36ZyF,0
82,地球自转、公转与24节气,地球自转、公转与24节气,/storage/studio/thumbnail/thumbnail/24jq.jpg,/gallery/24jq,0
84,电流形成原理,电流形成原理，探索电荷定向移动的奥秘,/storage/studio/thumbnail/thumbnail/1747993793-thumbnail.png,/gallery/nl9F7g1BKf6CgNKa,0
85,图片拼图游戏,图片拼图游戏,/storage/studio/thumbnail/thumbnail/1748264702-thumbnail.png,/gallery/7ZYGa2dbiHKGieiC,0
86,智能教室分贝监测系统,教室分贝监测系统,/storage/studio/thumbnail/thumbnail/1748266518-thumbnail.png,/gallery/QEWdyjqZOfPh08IH,0
87,追及相遇问题互动游戏,通过动画演示学习速度、时间、路程的关系,/storage/studio/thumbnail/thumbnail/1748319626-thumbnail.png,/gallery/SMTHLVNCFqOyFUxP,0
88,摸球模拟器,小学数学概率学,/storage/studio/thumbnail/thumbnail/1748327919-thumbnail.png,/gallery/FbHhjixbZKQbLUa6,0
89,智能英文填字游戏生成器,自适应难度系统，智能预填字母，提供个性化学习体验,/storage/studio/thumbnail/thumbnail/1748333079-thumbnail.png,/gallery/hwbOTPpsop2wQs6L,0
90,AI骨骼识别,AI骨骼识别教具,/storage/studio/thumbnail/thumbnail/1748600459-thumbnail.png,/gallery/wp1EewDZwBRTu3hZ,0
91,制作花钟（左侧鲜花，右侧钟表）,将右侧时钟调整到花朵开放的正确时间，回答正确后花朵会美丽绽放！,/storage/studio/thumbnail/thumbnail/1748957883-thumbnail.png,/gallery/DrbrApJk2dMsoYgB,0
93,认知分类游戏(动物/水果/蔬菜),,/storage/studio/thumbnail/thumbnail/1749520633-thumbnail.png,/gallery/prEbBCJLwE3BPJHQ,0
94,探索正方形中的小正方形,从不同角度发现数学规律,/storage/studio/thumbnail/thumbnail/1749524577-thumbnail.png,/gallery/lWS3YzLitNyTRb7Z,0
95,地球的内核,地球是一个复杂的行星，由多个不同的层组成，每一层都有其独特的物理和化学特性。了解地球内部结构对于研究板块构造、地震活动和火山喷发等现象至关重要。,/storage/studio/thumbnail/thumbnail/1749541373-thumbnail.png,/gallery/52A98iiFw6jVQKm9,0
96,地球内核探究,地球内部由多个同心圆层组成，从外到内依次是地壳、地幔、外核和内核。每一层都有其独特的物理和化学性质，共同构成了我们居住的这颗蓝色星球,/storage/studio/thumbnail/thumbnail/1749542619-thumbnail.png,/gallery/jU1hrCnAg2w56edk,0
97,课堂计时器,课堂计时器,/storage/studio/thumbnail/thumbnail/1758094156-thumbnail.png,/gallery/c6fyo1JYSTee10kL,0
98,计时器（小）,小尺寸计时器,/storage/studio/thumbnail/thumbnail/1758099362-thumbnail.png,/gallery/rLhaRTEevueNRFXn,0
99,教室分贝监测系统（新）,教室分贝监测系统，动感小球,/storage/studio/thumbnail/thumbnail/1760175871-thumbnail.png,/gallery/Rin54LhldCjaKqNQ,0
100,数字华容道,开动思维，数字华容道,/storage/studio/thumbnail/thumbnail/1760178456-thumbnail.png,/gallery/uGmBF80dxlVVNKYu,0
101,华容道,思维锻炼，华容道,/storage/studio/thumbnail/thumbnail/1760180833-thumbnail.png,/gallery/jerk1M305g3I35Bq,0
104,2、3、5的倍数特征练习,小学五年级，倍数特征数的应用,/storage/studio/thumbnail/thumbnail/1760931085-thumbnail.png,/gallery/OkBEYZqD1Od5oPYY,0
111,俄罗斯方块（新）,小学二、三年级，学习平移和旋转后联系使用,/storage/studio/thumbnail/thumbnail/1761039146-thumbnail.png,/gallery/4WbUVZPyCcIZq5NJ,0
112,24点数字游戏,24点数字游戏,/storage/studio/thumbnail/thumbnail/1761044940-thumbnail.png,/gallery/WPfooUg8k6WYtIqk,0
113,数独,经典数字游戏，思维挑战，试用小学三年级，逐步排除不可能的思维方式。,/storage/studio/thumbnail/thumbnail/1761044566-thumbnail.png,/gallery/cgAlTW9uRcf2CQ8k,0
114,分数学习互动,分数学习互动课件,/storage/studio/thumbnail/thumbnail/1761045318-thumbnail.png,/gallery/Sm0Ebrr3uGdgXO7c,0
115,单位换算挑战,单位换算挑战,/storage/studio/thumbnail/thumbnail/1761045630-thumbnail.png,/gallery/shIROGspVxrBT2gA,0
116,小小收银员,"适用年级：小学二年级或三年级，学习完人民币以后练习用。
核心知识点：
1.人民币的认识。
2.人民币的计算
3.人民币的支付方式",/storage/studio/thumbnail/thumbnail/1761091797-thumbnail.png,/gallery/elWQlV0Im3prrwC8,0
117,音乐协作,与库乐队，课堂音乐选择协作工具,/storage/studio/thumbnail/thumbnail/1761657392-thumbnail.png,/gallery/B9ZttLe8CqGkyC9x,0
119,滑动与滚动,"两种模式切换：可选择“立方体（滑动）”或“小球（滚动）”。
物理仿真：
滑动：物体沿斜面平移，黄色圆点相对位置不变，轨迹为直线。
滚动：物体沿斜面旋转下落，黄色圆点随物体转动，轨迹为摆线（Cycloid）。
轨迹追踪：开启“圆点轨迹”开关后，会实时绘制黄色圆点的运动路径。
完全交互：包含播放、重置功能，UI 风格仿照原图设计。",/storage/studio/thumbnail/thumbnail/1763517642-thumbnail.png,/gallery/aE1Bz3DohBPahqQG,0
120,手电筒的工作原理和构造,,/storage/studio/thumbnail/thumbnail/1763517130-thumbnail.png,/gallery/kJL6Grp73nTSfpUi,0
121,火山构造教学演示,,/storage/studio/thumbnail/thumbnail/1763516978-thumbnail.png,/gallery/6DCAnr5NhihhV3v5,0
122,八大行星排序,八大行星排序,/storage/studio/thumbnail/thumbnail/1763516598-thumbnail.png,/gallery/sgIqUSWtkgLTMsNV,0
123,探索两圆相交,探索两圆相交,/storage/studio/thumbnail/thumbnail/1763516087-thumbnail.png,/gallery/oWU7ZEcVUBHtYvpq,0
124,二十四节气流转图,二十四节气流转图,/storage/studio/thumbnail/thumbnail/1763515311-thumbnail.png,/gallery/T7zsuB02fZL5TUfz,0
125,探索酒精增发的快慢,"自由控制变量：
风扇：点击可开启/关闭，开启后扇叶旋转，模拟加快空气流动。
加热器：点击可开启/关闭，开启后发红光，模拟提高温度。",/storage/studio/thumbnail/thumbnail/1763518291-thumbnail.png,/gallery/mvXERWwcfLVIpqHi,0
126,潜望镜的原理,它演示了光线是如何通过两个 45 度角的平面镜进行两次反射，从而将海面上的景象传递到水下的观察者眼中的。,/storage/studio/thumbnail/thumbnail/1763519957-thumbnail.png,/gallery/7wYLDc0z8jH5dORK,0
127,种子萌芽条件,允许学生通过调整水分、空气、温度、光照、土壤等变量，观察对种子萌发率的影响,/storage/studio/thumbnail/thumbnail/1763519663-thumbnail.png,/gallery/PzvKUs3V6v8c2eyB,0
128,探究溶解的快慢,帮助学生理解影响溶解速度的三个主要因素：温度、颗粒大小、是否搅拌。,/storage/studio/thumbnail/thumbnail/1763519025-thumbnail.png,/gallery/mPjqFESIGEvWrV5X,0
129,定滑轮演示,,/storage/studio/thumbnail/thumbnail/1763523213-thumbnail.png,/gallery/oeAXVj6cfYVShNyp,0
130,动滑轮演示,动滑轮演示,/storage/studio/thumbnail/thumbnail/1763523055-thumbnail.png,/gallery/mWav7PXYyyoutpcc,0
131,围长方形演示,围长方形问题演示,/storage/studio/thumbnail/thumbnail/1763522827-thumbnail.png,/gallery/JZDX5JlaqJdwDNLY,0
132,探究摩擦力大小的影响因素,模拟了真实的物理过程：先拉伸弹簧，当拉力大于摩擦力时，木块才会开始移动。,/storage/studio/thumbnail/thumbnail/1763521894-thumbnail.png,/gallery/nYAerVcAwQ3zuXHu,0
133,热传递的三种方式,热可以从一个物体传递给另一个物体，或者从物体的一部分传递到另一部分。热传递的方式有三种，即热传导、热辐射、热对流。,/storage/studio/thumbnail/thumbnail/1763521081-thumbnail.png,/gallery/Iu9l4duBG75SyyeM,0
134,视觉暂留现象,视觉暂留现象实验,/storage/studio/thumbnail/thumbnail/1763520535-thumbnail.png,/gallery/b25MAisB6gAywQGf,0
135,多力杠杆平衡演示,多力杠杆平衡演示,/storage/studio/thumbnail/thumbnail/1763523699-thumbnail.png,/gallery/oHsLN0fDBCpFT8fM,0
138,梁桥原理演示,,/storage/studio/thumbnail/thumbnail/1763523930-thumbnail.png,/gallery/U6DFGymlnLZ2p1uV,0
139,拱桥原理演示,,/storage/studio/thumbnail/thumbnail/1763524531-thumbnail.png,/gallery/kMuYXPGVNv8ZdQ6T,0
140,向上排气法,向上排气法,/storage/studio/thumbnail/thumbnail/1763525552-thumbnail.png,/gallery/1uKFmi0odueUl2Li,0
141,钢架桥受力原理,钢架桥受力原理,/storage/studio/thumbnail/thumbnail/1763525149-thumbnail.png,/gallery/p1VobZOSsM8TTCrb,0
142,排水集气法,排水集气法,/storage/studio/thumbnail/thumbnail/1763524967-thumbnail.png,/gallery/xpTr8IDZbS44fx1Q,0
143,悬索桥受理原理,,/storage/studio/thumbnail/thumbnail/1763524749-thumbnail.png,/gallery/c0a0PNOb7Yhpnj6Y,0
144,斜拉桥受力演示,,/storage/studio/thumbnail/thumbnail/1763525990-thumbnail.png,/gallery/WHrdeHnvAoCwNl6J,0
145,星舰起飞返回3D模拟,,/storage/studio/thumbnail/thumbnail/1763529216-thumbnail.png,/gallery/44hGwG33lcSRkMWz,0
146,飞机起飞作用力模拟,,/storage/studio/thumbnail/thumbnail/1763527857-thumbnail.png,/gallery/s5WRKrrrGtVYIVzh,0
147,工业制氧原理,工业制氧原理：分离液态空气法,/storage/studio/thumbnail/thumbnail/1763529470-thumbnail.png,/gallery/WZilbL7bRU8F7tbu,0
148,斜抛中的能量转化,斜抛中的能量转化,/storage/studio/thumbnail/thumbnail/1763529786-thumbnail.png,/gallery/1KDlGzWcc8Igoo9L,0
149,焦耳定律（电流热效应）实验,,/storage/studio/thumbnail/thumbnail/1763530073-thumbnail.png,/gallery/OFWK8Qe1IhwLHBRK,0
150,四冲程汽油机工作原理演示,四冲程汽油机工作原理演示,/storage/studio/thumbnail/thumbnail/1763530398-thumbnail.png,/gallery/qJM3jlZPdiKANsyF,0
151,电铃工作原理演示,,/storage/studio/thumbnail/thumbnail/1763530972-thumbnail.png,/gallery/4bEQo2G1e1EZabPT,0
152,中和反应,中和反应,/storage/studio/thumbnail/thumbnail/1763531116-thumbnail.png,/gallery/ywXPexpKHmjW4JDK,0
153,动能的影响因素,,/storage/studio/thumbnail/thumbnail/1763531775-thumbnail.png,/gallery/4TMwwUJm898yBiGa,0
154,色光的混合,色光的混合,/storage/studio/thumbnail/thumbnail/1763531568-thumbnail.png,/gallery/DDbZRgbfUwBsVTeq,0
155,伽利略望远镜,伽利略望远镜,/storage/studio/thumbnail/thumbnail/1763532578-thumbnail.png,/gallery/J5Ir1C9zUjSqIH6A,0
156,模拟膈肌的运动,,/storage/studio/thumbnail/thumbnail/1763532290-thumbnail.png,/gallery/VlsficyDSW9MdSSr,0
157,开普勒望远镜,,/storage/studio/thumbnail/thumbnail/1763532547-thumbnail.png,/gallery/TBWjb12xKkBYI6NL,0
158,光学显微镜成像原理,,/storage/studio/thumbnail/thumbnail/1763532678-thumbnail.png,/gallery/BQPrQVtojEceTCHu,0
159,凸透镜成像,,/storage/studio/thumbnail/thumbnail/1763532866-thumbnail.png,/gallery/d5mwzGCDPuC2ar9L,0
160,启普发生器,,/storage/studio/thumbnail/thumbnail/1763533315-thumbnail.png,/gallery/EzKPaCprfN7lJxow,0
161,向下排气法,,/storage/studio/thumbnail/thumbnail/1763533760-thumbnail.png,/gallery/CfTqLdpIB6qlFgtk,0
162,拉瓦锡实验,,/storage/studio/thumbnail/thumbnail/1763533576-thumbnail.png,/gallery/jKFEPFQ7FRUBBSBi,0
163,用拼图表达整式运算,用拼图表达整式运算,/storage/studio/thumbnail/thumbnail/1763536757-thumbnail.png,/gallery/gsGjXvJxEm3xPlTL,0
164,月历中的数学,核心的数学探究功,/storage/studio/thumbnail/thumbnail/1763536979-thumbnail.png,/gallery/CDCQqPrmSPw67iVv,0
165,轴对称,轴对称,/storage/studio/thumbnail/thumbnail/1763537127-thumbnail.png,/gallery/RcOhNZB6iM4QAzbY,0
166,中心对称,,/storage/studio/thumbnail/thumbnail/1763537253-thumbnail.png,/gallery/8viI1B0iSp4KTMtk,0
167,坐标轴对称,,/storage/studio/thumbnail/thumbnail/1763537424-thumbnail.png,/gallery/QB7DlSh01aMS3f4E,0
168,坐标表示平移,,/storage/studio/thumbnail/thumbnail/1763537600-thumbnail.png,/gallery/z3PEXr56eEQzG0lp,0
169,正切,,/storage/studio/thumbnail/thumbnail/1763537779-thumbnail.png,/gallery/EshQDqk9658IV3xS,0
170,正弦和余弦,,/storage/studio/thumbnail/thumbnail/1763537928-thumbnail.png,/gallery/r861uBY0vFjXirZq,0
171,作三角形的外接圆,,/storage/studio/thumbnail/thumbnail/1763544054-thumbnail.png,/gallery/qESpvrUA8IeHCkfQ,0
172,作三角形的内切圆,,/storage/studio/thumbnail/thumbnail/1763543863-thumbnail.png,/gallery/LcpaQ86YEYfoTNcL,0
173,图形的平移,"教学设计思路：
视觉对应：
为了区分“原像”和“像”，原始三角形使用了半透明白色，而平移后的三角形使用了亮青色（Cyan），与截图保持一致。这有助于学生区分 AA 和 A′A ′ 。连接线使用了虚线，这是数学教科书中表示“辅助线”或“轨迹”的标准方式。
操作逻辑：
我将交互分为了两层。
改变形状：必须操作左边的原始图形。这模拟了“给定一个图形”的过程。
改变平移：必须操作右边的图形。当你拖动 
A′A ′ 时，你会发现 B′B ′ 和 C′C ′ 
 也跟着一起动，而且虚线在变动。这极其直观地展示了平移的定义：整体移动。
网格系统：
背景绘制了50px间隔的网格，这在教学中非常重要。老师可以说：“大家看，A点向右移动了几个格子？再数数B点向右移动了几个格子？”以此引出平移性质。",/storage/studio/thumbnail/thumbnail/1763544234-thumbnail.png,/gallery/f0uWIDQtaUIL6amW,0
174,平行线被折线所截,"教学演示建议：
第一步：隐藏辅助线
取消勾选“显示辅助线”。
让学生观察折线 
∠
C
∠C
（拐点角）与上下两个角 
∠
A
,
∠
B
∠A,∠B
 的关系。这时候很难直接看出来。
第二步：引入辅助线
勾选“显示辅助线”。
讲解：“我们在拐点 C 处画一条水平线，因为上下的绿线是平行的，所以这条中间的虚线也平行。”
第三步：观察颜色（内错角）
指着蓝色的 
∠
A
∠A
 和蓝色的 
∠
C
∠C
 上半部分。
拖动点 A 左右移动，可以看到两个蓝色的角同时变大或变小。
“根据两直线平行，内错角相等，所以上面的蓝色角等于下面的蓝色角。”
第四步：层层传递
同样的道理看黄色角、红色角。
最后总结：朝左的角之和 = 朝右的角之和。",/storage/studio/thumbnail/thumbnail/1763544330-thumbnail.png,/gallery/YA9NOBsNUVifHvQ9,0
175,三角形的内切圆与外接圆,"核心教学功能
对比观察：可以同时显示或单独显示内切圆与外接圆，帮助学生区分两者的定义。
位置关系演示：
外心 (Circumcenter)：观察锐角、直角、钝角三角形时，外心如何从内部移动到斜边，再移动到外部。
内心 (Incenter)：观察内心永远在三角形内部。
半径可视化：提供辅助虚线，连接圆心与顶点（外接圆半径）或圆心与切点（内切圆半径）。",/storage/studio/thumbnail/thumbnail/1763544592-thumbnail.png,/gallery/3Vq7NIjac4loZdi2,0
176,不等式的性质：用天平模拟不等关系,"教学设计亮点
视觉反馈（Visual Feedback）：
颜色编码：正数为红色，负数为蓝色，与底部按钮颜色呼应，强化学生对“正/负”操作的区别记忆。
交互逻辑（Interaction Logic）：
去除了“开始”键：页面加载即进入演示状态（初始 4>24>2）。
实时公式更新：左下角的大号公式（如 4>24>2 或 ?8<?4?8<?4）会随着操作实时更新，帮助学生建立“图形”与“代数符号”之间的联系。
状态提示：左上角的文字会明确告诉学生刚才发生了什么（“不等号方向改变”），这是教学的重点。
数学原理（Mathematical Accuracy）：
虽然天平通常用于称重（质量），但在数学抽象教学中，我们规定“数值大的一端下沉”。当两边同乘负数时（例如 4×?2=?84×?2=?8，2×?2=?42×?2=?4），因为 ?4
>?8?4>?8，所以原本轻的一端（右边）变成了数值大的一端，天平会反转下沉。这个动画过程非常直观地解释了“变号”的原因。",/storage/studio/thumbnail/thumbnail/1763545079-thumbnail.png,/gallery/0xlbFOExI04CVVOY,0
177,三角形的分类：按边分,"教学设计思路
数值显示：代码中将屏幕像素值除以 20 并保留一位小数（toFixed(1)），使得显示的数值（如 15.2, 25.0）更符合教材中的几何题风格，避免了直接显示几百像素的突兀感。
判定逻辑：
不等边三角形：三边长度显示的数值均不相等。
等腰三角形：任两边数值相等。
等边三角形：三边数值均相等。
注：判定使用的是显示在屏幕上的数值。这意味着如果你把鼠标拖得很准，显示为 15.0 和 15.0，程序就会判定为等腰，这符合用户的直觉。
视觉反馈：当变成“等腰”或“等边”时，下方的文字颜色会分别变为金色或青色，提供正向反馈。",/storage/studio/thumbnail/thumbnail/1763544955-thumbnail.png,/gallery/CABRovymOSRt4JHx,0
178,两圆的位置关系与公切线,"教学设计亮点
几何直观性：
切线使用了白色无限长线段的视觉效果，符合数学中“直线”的定义，让学生直观感受到切线在远处的延伸。
在切点处画了极小的白点，帮助学生定位切点位置。
容差处理：
在判断“外切”和“内切”时，代码中加入了一个微小的 epsilon (容差值)。这意味着当学生手动拖动圆，使它们看起来刚好挨在一起时，程序会智能地判断为“外切/内切”，而不是苛刻地要求像素级精确，这极大地提升了演示体验。
操作逻辑：
将“移动位置”和“改变半径”分开。圆心用于移动，圆右侧的小手柄用于缩放。这解决了在同一个图形上集成多种操作的冲突问题。",/storage/studio/thumbnail/thumbnail/1763545275-thumbnail.png,/gallery/84Z0KYtn8CbKr71G,0
179,三角形的高、中线与角平分线,"????? 老师备课提示 (Teacher's Notes)
在演示时，您可以按照以下步骤进行，效果最佳：
展示一般情况：
打开网页，默认显示一个不等边三角形。
向学生展示：从顶点 B 出发，蓝色的高、黄色的中线、橙色的角平分线是不重合的。
让学生观察黄色中线落在底边的位置：两侧的数值（如 5.2 : 5.2）相等，证明它是中线。
制造认知冲突（引入等腰）：
点击 “设为等腰 (AB=BC)” 按钮（或者手动拖动顶点 B，使其位于底边 AC 的正上方）。
此时，学生会惊讶地发现：三条彩色的线瞬间合在了一起！
这直观地证明了等腰三角形顶角的平分线、底边上的高、底边上的中线互相重合（三线合一）。
拓展（等边三角形）：
点击 “设为等边三角形”。
可以尝试拖动任意顶点，只要保持大致形状，三线依然紧密贴合。
钝角情况：
将顶点 A 向右拖动，形成钝角三角形。
观察蓝色的高（Altitude）可能会跑到三角形外部，这是几何教学中的一个易错点，通过软件演示非常直观。",/storage/studio/thumbnail/thumbnail/1763545473-thumbnail.png,/gallery/KlS4KJKvzCtb7BZp,0
180,车轮中的数学道理,"教学设计说明：
几何算法还原（Mathematical Fidelity）：
代码没有简单地让正方形“飘”过去，而是通过算法计算了旋转角度与中心高度的关系。
正方形：你会看到它在角落着地时中心最高，在边着地时中心最低，形成了连续的圆弧状颠簸轨迹。
椭圆：使用了极径变化模拟，展示了比正方形柔和但依然不稳定的波浪状轨迹。
圆形：因为圆心到边上任意一点距离相等（半径），所以中心高度不变，轨迹是水平直线。
视觉强化：
红点与红线：专门高亮了中心点及其留下的痕迹，这是本课的教学重点——“圆心的高度不变性”。
车轮纹理：给图形内部加了浅色的轮廓线，这样学生能更清楚地看到车轮在“转动”，而不是单纯地滑行。
交互性：
速度滑块：老师可以调慢速度，让学生仔细观察正方形“翻越”棱角的那一瞬间发生了什么。",/storage/studio/thumbnail/thumbnail/1763546155-thumbnail.png,/gallery/kQohag8h7gyPXbvB,0
181,一次函数的应用：追及问题,"教学设计思路
函数图像的 ""V"" 型解析：
通过左侧图像，学生可以清晰看到图像在 t=4 处“触底反弹”。配合右侧动画，当 t=4 时，A车正好与B车位置重合（红色圆点覆盖黄色圆点），直观解释了为什么 
S=0。当 t>4 时，A车超过B车，图像再次上升。这解释了绝对值函数的几何意义（距离始终非负）。关键点 (6,50) 的验证：题目中经常问“第二次相距 50km 是什么时候？”。
拖动滑块到 t=6，图像上会自动吸附显示 (6, 50)，同时右侧动画面板显示两车再次拉开了距离。视觉隐喻：A车（红） 代表函数图像中变化较快的部分（斜率绝对值大，实际上在这个坐标系里看不出单车速度，但能看出追赶态势）。
B车（黄） 在前，A车在后，模拟真实的物理情境。",/storage/studio/thumbnail/thumbnail/1763552309-thumbnail.png,/gallery/30AfZs8oi0TRvvLM,0
182,双线段最值探究,"教学设计思路
视觉重点：
我特意将线段 CE
 设为明亮的黄色，与蓝色的背景图形形成高对比，确保学生的注意力集中在“动线段”上。
保留了截图中的虚线对角线 AC，这通常是此类题目（如将军饮马、最短路径问题）中的辅助线，有助于老师讲解几何原理。
反馈机制：普通状态：当 E 随意移动时，角度显示白色背景（如 74 ° ），线段长度即时变化。最短状态：当 E 移动到使 CE⊥AB 的位置时，角度会自动变成绿色背景，并显示 90 °
，同时下方会出现“（最小值）”的提示。这种即时反馈能极大加深学生对“垂线段最短”定理的记忆。数学精度：线段 E 被严格限制在 AB 线段上（通过向量投影计算），不会跑出图形，保证了演示的严谨性。
长度保留了4位小数（如 3.8557），模拟了数学软件的精确感，让学生体会到数值的连续变化。",/storage/studio/thumbnail/thumbnail/1763552039-thumbnail.png,/gallery/DzXcTjEngRZKk0Tq,0
183,一次函数的应用：相遇问题可视化,"点击“播放演示”，让学生观察图象上的点与实际物体运动的一一对应关系。
强调：图象下降代表距离减小（相向而行），图象上升代表距离增大（相遇后背向而行）。",/storage/studio/thumbnail/thumbnail/1763553620-thumbnail.png,/gallery/41rzzOHhxC48N6VE,0
184,函数的应用：异速双动点 (面积问题),函数的应用：异速双动点 (面积问题),/storage/studio/thumbnail/thumbnail/1763553889-thumbnail.png,/gallery/8sTmNtPLNaHusXRv,0
185,三角形中位线定理：旋转变换证明,"功能特点：
动态旋转：拖动滑块，可以看到 △ADE绕点 E 旋转并与 △CQE
 重合的过程。几何标记：自动标注相等线段（单杠、双杠），辅助学生理解全等关系。平行四边形可视化：旋转到位后，自动高亮显示构成的平行四边形 DBCQ。分步教学：底部配有文字解说，随着动画进度解释几何原理。",/storage/studio/thumbnail/thumbnail/1763554510-thumbnail.png,/gallery/PMGLAU9dptAgx244,0
186,三角形的边角关系：大边对大角,"核心功能：
任意拖拽：你可以拖动顶点 A，实时改变三角形的形状。
实时数据：边长和角度会随着拖动实时计算并显示在图上。
可视化反馈：
大边对大角：系统会自动判断并高亮显示最大的角和最长的边（文字加粗变色）。
角度色块：A、B、C 三个角分别用绿、红、黄颜色填充，与截图一致。
教学结论：右侧面板会根据当前的形状，动态显示“大边对大角”、“等边对等角”等结论的状态。",/storage/studio/thumbnail/thumbnail/1763554709-thumbnail.png,/gallery/4ZkFUXFUJpfIQ5Vq,0
187,生活中的几何体 (集装箱),"核心功能特点：
虚实对比滑块：中间有一个可拖动的滑块（播放按钮图标），向左拖动显示“实物图”，向右拖动显示“几何抽象图（长方体）”。
纯代码生成：为了防止图片链接失效，我用 SVG 和 CSS 手绘了一个集装箱和对应的线框图。这意味着你不需要任何外部图片，保存即用。
几何抽象概念：左侧强调“线、面、顶点”的数学特征（虚线、节点），右侧展示材质和细节。
响应式设计：支持鼠标拖拽和触摸屏滑动。",/storage/studio/thumbnail/thumbnail/1763554821-thumbnail.png,/gallery/53uXGajGW4iNCDmQ,0
188,生活中的几何体 (金字塔),"核心亮点：
零素材依赖：为了确保教具永久可用且加载极快，其中的“金字塔实拍图”并非引用外部图片，而是完全使用 SVG 滤镜（feTurbulence）和渐变代码绘制的。它模拟了岩石纹理、光照阴影和沙漠天空。
虚实对比：左侧展示几何抽象（线框、高、顶点、隐藏线），右侧展示实物具象（体积、材质、环境）。
交互逻辑：拖动中间的滑块，直观感受从“实物”抽离出“几何体”的过程。",/storage/studio/thumbnail/thumbnail/1763555035-thumbnail.png,/gallery/1hah2auBTGUfigW5,0
189,交通拥堵仿真系统,交通拥堵仿真系统,/storage/studio/thumbnail/thumbnail/1763556136-thumbnail.png,/gallery/Km22YmY6vKqzNCFt,0
190,仿真城市构建活动,,/storage/studio/thumbnail/thumbnail/1763603512-thumbnail.png,/gallery/8zBNogTjSifFjRpX,0
191,非洲大草原,,/storage/studio/thumbnail/thumbnail/1763605765-thumbnail.png,/gallery/TokP6n25LjaL4Qfo,0
192,直列四缸引擎仿真,观察直列四缸引擎仿真,/storage/studio/thumbnail/thumbnail/1763601221-thumbnail.png,/gallery/icBA4p6SgnRRuTdj,0
193,城市电网构建,,/storage/studio/thumbnail/thumbnail/1763607580-thumbnail.png,/gallery/tT8Cl9VwF0qiehqt,0
194,自然、生命、科学炼金术,科学趣味游戏,/storage/studio/thumbnail/thumbnail/1763616664-thumbnail.png,/gallery/vNDqmhQZFyJD65l6,0
195,拍立得照片墙,拍立得照片墙，记录快乐,/storage/studio/thumbnail/thumbnail/1763619695-thumbnail.png,/gallery/2MRdcpAjw1V6ofZR,0
196,橡皮人混音器,"红色 (Beats)：底鼓、军鼓、拍手声。
绿色 (Effects)：和弦、铃声。
蓝色 (Melody)：贝斯、琶音。
黄色 (Vocals)：合成人声。",/storage/studio/thumbnail/thumbnail/1763620964-thumbnail.png,/gallery/C9s5oHTs2vJeVutF,0
197,摆姿势通关游戏,把动作通关,/storage/studio/thumbnail/thumbnail/1763626974-thumbnail.png,/gallery/4pAJkGX1h4hx1gkv,0
198,汉字田字格带笔画,,/storage/studio/thumbnail/thumbnail/1763645921-thumbnail.png,/gallery/lBp9lbdAN63IFQjG,0
199,广义相对论,,/storage/studio/thumbnail/thumbnail/1763676878-thumbnail.png,/gallery/47b31fGclWqUBo79,0
201,航空发动机3D,,/storage/studio/thumbnail/thumbnail/1763688050-thumbnail.png,/gallery/jcq8sUZddk0lPPe4,0
202,电路原理交互演示,,/storage/studio/thumbnail/thumbnail/1763687151-thumbnail.png,/gallery/Pt8KPHFUmpwtgHHM,0
203,垃圾分类小游戏,,/storage/studio/thumbnail/thumbnail/1763945747-thumbnail.png,/gallery/R0yAp3EL08FdT5fz,0
204,几何画板小工具,,/storage/studio/thumbnail/thumbnail/1766022256-thumbnail.png,/gallery/UgRLj0OUu6Nbg9Vw,0
205,物质的变化：微观世界探索器,,/storage/studio/thumbnail/thumbnail/1763952284-thumbnail.png,/gallery/ptlRNXefa6U5xZoz,0
206,摩斯密码模拟器,,/storage/studio/thumbnail/thumbnail/1763950885-thumbnail.png,/gallery/lhiUiSCZGeRLSezb,0
207,Dinner Time,有声场景互动,/storage/studio/thumbnail/thumbnail/1763976996-thumbnail.png,/gallery/X783kjQ4kS0B6Muo,0
208,Happy Zoo,有声场景互动,/storage/studio/thumbnail/thumbnail/1764030419-thumbnail.png,/gallery/Vk9s1r0gEnTyjJ6w,0
209,安静养小树,,/storage/studio/thumbnail/thumbnail/1763524180-thumbnail.png,/gallery/GooNIDTgEhmChPGR,0
210,气球与静电,,/storage/studio/thumbnail/thumbnail/1764051986-thumbnail.png,/gallery/bNTZBEnDRMJLGidd,0
211,快乐钢琴-创编乐园,,/storage/studio/thumbnail/thumbnail/1764120091-thumbnail.png,/gallery/tr2WTaxLStZxJg9q,0
212,架子鼓--创编乐园,,/storage/studio/thumbnail/thumbnail/1764062481-thumbnail.png,/gallery/6q99SARZAnyocmWF,0
213,大提琴,大提琴，音乐创编,/storage/studio/thumbnail/thumbnail/1764063587-thumbnail.png,/gallery/MGjUFjGiGcuNhFSU,0
214,卡宏鼓,,/storage/studio/thumbnail/thumbnail/1764064358-thumbnail.png,/gallery/51823WftSpMERsvj,0
215,微波原理：宏观与微观同步演示,,/storage/studio/thumbnail/thumbnail/1764064812-thumbnail.png,/gallery/u8W5Nu7nLu5rRUE0,0
216,流程图画板,,/storage/studio/thumbnail/thumbnail/1764066806-thumbnail.png,/gallery/uWGUv4Uoh8VpJatp,0
217,FPV模拟器,,/storage/studio/thumbnail/thumbnail/1764069739-thumbnail.png,/gallery/GU3V4rEQuC9Rp00c,0
218,简易版贾维斯效果,,/storage/studio/thumbnail/thumbnail/1764204968-thumbnail.png,/gallery/mDWGlpqpJApa8006,0
219,斯特鲁普效应测试,"直观性强：学生一玩就知道“脑子卡壳”是什么感觉，比单纯讲理论生动得多。
竞争性：有分数和倒计时，适合在班级里让几个同学比赛，或者全班一起玩（看谁分高）。
教育意义：
小学阶段：可以解释为“习惯”的力量（我们习惯了读书），要学会控制冲动。
中学阶段：可以引入“认知冲突”、“前额叶皮层功能（负责控制和决策）”等更深的概念。
易于扩展：您可以引导学生思考生活中还有哪些类似的情况（例如：想学习时却不由自主地拿起了手机——这也是自动化反应战胜了控制意识）。
课堂使用建议：
第一步：不讲原理，让两个学生上台PK，看谁分高。
第二步：询问学生的感受，“为什么明明知道是红色，嘴巴却想说绿色？”
第三步：展示“理论揭秘”部分，讲解大脑的两个系统。
第四步：引申讨论，如何提高我们的专注力（比如通过练习让控制加工更熟练）。",/storage/studio/thumbnail/thumbnail/1764205523-thumbnail.png,/gallery/dFRo3LKYO467zB2i,0
220,瞬时记忆矩阵 (The Memory Matrix),"理论依据：
工作记忆容量：著名的心理学家乔治·米勒提出**“神奇的数字 7±2”**，认为人的短时记忆容量是非常有限的，大约只能同时处理 5 到 9 个组块。
游戏的心理学价值：
工作记忆的瓶颈：
在低关卡（记忆3-4个方块）时，学生会觉得很轻松。
一旦达到 Level 5 或 Level 6（通常需要记忆6-8个方块），大部分人会突然开始出错。
教学点：这时候可以告诉学生，这就是大脑的“内存条”满了。我们不能像电脑一样无限存东西，所以学习时要把知识“分块”（Chunking）来记忆。
视觉空间画板 (Visuospatial Sketchpad)：
这个游戏不涉及语言（你不需要读字），纯粹靠看位置。
教学点：有些同学可能背课文很慢（语音回路弱），但玩这个游戏很厉害（视觉空间强），这能帮助学生发现自己的优势认知风格。
老师如何引导？
观察：让学生留意自己是用什么方法记住的？
有的学生会画图（比如“这是个三角形”）。
有的学生会编号（“左上，右下...”）。
这展示了大脑的**“编码策略”**。
讨论：为什么有时候明明看见了，过一秒就忘了？（因为短时记忆如果不复述，消失得非常快）。",/storage/studio/thumbnail/thumbnail/1764205894-thumbnail.png,/gallery/9A3kSJia3Brwfe9k,0
221,游戏名称：外星人猎手 (Alien Hunter),"核心玩法：
玩家需要在满屏的图形中找到唯一的“目标外星人”。
第一阶段（简单）：外星人颜色很特别，一眼就能看见。
第二阶段（困难）：外星人和周围的人长得很像，必须仔细找。

理论依据：
平行加工 (Pop-out Effect)：当目标具有独特的特征（如唯一的红色）时，大脑可以同时处理所有视觉信息，目标会自动“跳”出来，这不需要集中注意力。
序列加工 (Serial Search)：当目标和干扰项共享特征（如都是红色，或者都是圆形）时，大脑必须把注意力聚焦在每一个物体上，一个接一个地检查，所以速度会慢很多。",/storage/studio/thumbnail/thumbnail/1764209182-thumbnail.png,/gallery/Ix0Mzs8K4aRnpule,0
222,游戏名称：规则破壁者 (The Rule Breaker),"戏名称：规则破壁者 (The Rule Breaker)
适合人群：15岁以上（特别是想测试自己逻辑变通能力的人）。
核心玩法：
屏幕上方有4张“参考牌”，每张牌有不同的颜色、形状和数量。
玩家手中有一张“手牌”。
玩家需要猜一个规则（比如“按颜色分类”），把手牌放到对应的参考牌下面。
系统只告诉你“对”或“错”。
最关键的点：当你在一个规则上连续做对几次后，规则会偷偷改变（系统不会提示）。你需要察觉到原来的规则失效了，并迅速通过试错找到新规则。
理论依据：
执行功能：大脑前额叶皮层（Prefrontal Cortex）负责的高级功能。
认知灵活性 (Set-shifting)：从一种思维模式切换到另一种模式的能力。
持续性错误 (Perseverative Error)：当规则改变后，如果受试者固执地坚持旧规则，就被称为“持续性错误”。这是评估大脑是否老化的重要指标。",/storage/studio/thumbnail/thumbnail/1764209635-thumbnail.png,/gallery/BYO1bhBqehwIjZ6t,0
223,游戏：Emoji 召唤师 (Mini Scribblenauts),"游戏：Emoji 召唤师 (Mini Scribblenauts)
这是一个单文件 HTML 游戏。你可以直接保存并在浏览器运行。
核心玩法：
控制小人（WASD 或 箭头键）移动。
目标是拿到高处的 星星 (?)。
你需要通过输入框创造物体来垫脚、或者利用物理特性到达高处。",/storage/studio/thumbnail/thumbnail/1764293486-thumbnail.png,/gallery/7zHPcRLQIq6be3AI,0
224,TPR（全身反应法）动作骰子,"????? 教学建议：如何使用这个教具
热身环节 (Warm-up)：
直接使用默认词库。
让全班起立，老师点击 ROLL!，全班一起做动作。
例子： 骰子出现 ""Swim"" + ""Like a robot"" -> 全班像机器人一样做游泳动作。
单词复习 (Review)：
点击右上角??图标。
将本周学过的新动词（如：Brush teeth, Wash face）输入左侧框。
将学过的副词或地点（如：In the kitchen, Very fast）输入右侧框。
进行针对性练习。
学生PK (Competition)：
请两名学生上台。
点击 ROLL!。
看谁反应最快，做得最准确、最夸张，谁就得分。
创意写作 (Writing Prompt)：
不仅可以做动作，还可以用来作为造句练习。
掷出的结果让学生造一个完整的句子：""I saw a man running like a giant yesterday.""",/storage/studio/thumbnail/thumbnail/1764294184-thumbnail.png,/gallery/vl3Jkz3tAVxtFH0W,0
225,火柴棍数学,火柴棍数学,/storage/studio/thumbnail/thumbnail/1764295437-thumbnail.png,/gallery/oFe1uuqyVafWztVk,0
226,二维码生成器,配合二维码伴我生活,/storage/studio/thumbnail/thumbnail/1764318196-thumbnail.png,/gallery/yPaSh9CD7CQUICna,0
227,AR-星空大师,"“魔法”手势：
?? 召唤红心 (双手)
动作：将左右手的大拇指指尖对齐，食指指尖对齐，做出经典的“比心”动作。
效果：所有粒子会变成红色，迅速汇聚成一个在两手中间跳动的心形。
? 召唤黑洞 (单手)
动作：举起一只手，用力握成拳头。
效果：粒子变成金黄色，疯狂地向你的拳头中心塌缩，就像奇异博士的法术一样。
?? 召唤螺旋 (单手)
动作：伸出食指（就像表示“1”或者指天），其他手指握住。
效果：绿色的粒子会在你食指上方形成一个不断上升的双螺旋结构（DNA链条或龙卷风）。
?? 召唤原子 (单手)
动作：大拇指和食指指尖捏在一起（OK手势）。
效果：紫色的粒子会形成几个椭圆轨道，围绕你的指尖飞速旋转，模拟原子结构。
? 矩阵力场 (双手)
动作：两只手都举起来，五指张开，不要靠太近。
效果：粒子变成整齐的网格矩阵，布满整个屏幕，仿佛你正在操控数据墙。
?? 能量护盾 (双手)
动作：双手合十（像祈祷或拜佛）。
效果：粒子变成淡金色，在双手周围形成一个完美的圆形护盾环。",/storage/studio/thumbnail/thumbnail/1764321955-thumbnail.png,/gallery/FWZtXDWo5cOIbyTY,0
228,封面制作工坊,,/storage/studio/thumbnail/thumbnail/1764561632-thumbnail.png,/gallery/q6ZOoRnJAS5cxT0P,0
229,圣诞节快乐,,/storage/studio/thumbnail/thumbnail/1764573127-thumbnail.png,/gallery/xK6bgPPIKAPlHP5n,0
230,华容道（新）,,/storage/studio/thumbnail/thumbnail/1764581204-thumbnail.png,/gallery/16O9giT7StZbVJET,0
231,生态平衡模拟器,,/storage/studio/thumbnail/thumbnail/1765844828-thumbnail.png,/gallery/DkQNDP9x2vGluXnx,0
232,角的度量演示器,角的度量演示器,/storage/studio/thumbnail/thumbnail/1765845571-thumbnail.png,/gallery/E03fuQAC3ejKFGKX,0
233,长方形与正方形演示器,小学三年级，长方形与正方形演示器，演示周长和面积的关系,/storage/studio/thumbnail/thumbnail/1765846095-thumbnail.png,/gallery/7G7HeBDXju92g6X8,0
234,提词器--专业版,提示词工具,/storage/studio/thumbnail/thumbnail/1766363848-thumbnail.png,/gallery/BdAqCmLMNIQlECuG,0
235,钟琴,,/storage/studio/thumbnail/thumbnail/1766365116-thumbnail.png,/gallery/6FKRxtfP0bhKu9PJ,0
236,三角铁,,/storage/studio/thumbnail/thumbnail/1766364821-thumbnail.png,/gallery/w4V4gnXqWe2HqlbW,0
237,双响筒,,/storage/studio/thumbnail/thumbnail/1766366642-thumbnail.png,/gallery/UfmxUgRsmf33OEmi,0
238,时钟教具,,/storage/studio/thumbnail/thumbnail/1766372482-thumbnail.png,/gallery/CNZuT1sQ1RDt5oN1,0
239,英语单词连连看,,/storage/studio/thumbnail/thumbnail/1766374051-thumbnail.png,/gallery/VW33gSEgpxwBD5ic,0
240,英文连连看-听力版,,/storage/studio/thumbnail/thumbnail/1766374392-thumbnail.png,/gallery/c6cU5yt6aSAM1NJ7,0
241,拼图游戏--触屏版,,/storage/studio/thumbnail/thumbnail/1766973071-thumbnail.png,/gallery/rjXycC8bsDiPJ7vG,0
242,长方体滚动印图演示,,/storage/studio/thumbnail/thumbnail/1767832709-thumbnail.png,/gallery/AESTyRnDpaPwyYgp,0
243,五子棋,,/storage/studio/thumbnail/thumbnail/1767951197-thumbnail.png,/gallery/InPMzrh5h7WTovII,0
244,国际象棋,,/storage/studio/thumbnail/thumbnail/1767951708-thumbnail.png,/gallery/nxAdSctgjY8gGHfH,0
245,中国象棋,,/storage/studio/thumbnail/thumbnail/1767951865-thumbnail.png,/gallery/tiqk5qM4vuuW9kYn,0
246,井字棋,,/storage/studio/thumbnail/thumbnail/1767952012-thumbnail.png,/gallery/DEYLNN6I544xXu45,0
247,探究太阳能小车速度因素,,/storage/studio/thumbnail/thumbnail/1768385392-thumbnail.png,/gallery/Zi4qO1atBtgZ2jzA,0
248,数学游园会,,/storage/studio/thumbnail/thumbnail/1768470219-thumbnail.png,/gallery/bYqlGkaO0Ol0e5ga,0
249,数字迷宫挑战,,/storage/studio/thumbnail/thumbnail/1768560179-thumbnail.png,/gallery/7ZATzH5AGrTxcrIs,0
250,数学游园,,/storage/studio/thumbnail/thumbnail/1769044537-thumbnail.png,/gallery/hCruY6JztXjKjNii,0
251,埃舍尔密铺生成器--正方形,埃舍尔密铺生成器,/storage/studio/thumbnail/thumbnail/1773026184-thumbnail.png,/gallery/Y4pnjxAlID5KzrRf,0
252,埃舍尔密铺生成器--平行四边形,埃舍尔平行四边形密铺,/storage/studio/thumbnail/thumbnail/1774247922-thumbnail.png,/gallery/fPGiyT7VpPcXdT9V,0
253,埃舍尔密铺生成器--长方形,,/storage/studio/thumbnail/thumbnail/1774247817-thumbnail.png,/gallery/X0XvZgevJ9a4upEN,0
254,图斯双环定理 (Tusi Couple),当小圆半径是大圆的一半并在其内部滚动时，小圆周上的点做直线运动。,/storage/studio/thumbnail/thumbnail/1774868506-thumbnail.png,/gallery/SMahxVL8hiulM1DC,0
255,维维尼亚定理,维维尼亚定理演示,/storage/studio/thumbnail/thumbnail/1774866734-thumbnail.png,/gallery/HzXpcHBSp3oi6IL9,0
